"tank_id","treatment","fish_id","initial_fish_count","final_fish_count","weight_initial_g","weight_final_g","feed_intake_tank_g","length_final_cm","liver_weight_g","viscera_weight_g","fat_weight_g","protein_content_pct","weight_gain_g","weight_gain_pct","sgr","condition_factor","hsi","vsi","pfr"
"T1","Control",1,15,15,10.02,30.3,415.815,16.1,0.61,1.82,0.45,0.45,20.28,202.395209580838,1.84427436143101,0.726047443246692,2.01320132013201,6.00660066006601,1.48514851485149
"T1","Control",2,15,15,10.49,27.84,415.815,15.6,0.56,1.67,0.42,0.45,17.35,165.395614871306,1.62675235509669,0.733323218530319,2.01149425287356,5.9985632183908,1.50862068965517
"T1","Control",3,15,15,9.91,28.38,415.815,15.7,0.57,1.7,0.43,0.45,18.47,186.377396569122,1.75356720565,0.733353609518403,2.00845665961945,5.99013389711064,1.51515151515152
"T1","Control",4,15,15,10.63,29.16,415.815,15.8,0.58,1.75,0.44,0.45,18.53,174.317968015052,1.68186285797767,0.739292429199313,1.98902606310014,6.00137174211248,1.50891632373114
"T1","Control",5,15,15,8.24,25.17,415.815,15,0.5,1.51,0.38,0.45,16.93,205.461165048544,1.86108744204307,0.745777777777778,1.98649185538339,5.99920540325785,1.50973381009138
"T1","Control",6,15,15,10.37,27.3,415.815,15.5,0.55,1.64,0.41,0.45,16.93,163.259402121504,1.6132827999158,0.733107314289551,2.01465201465201,6.00732600732601,1.5018315018315
"T1","Control",7,15,15,10.43,28.3,415.815,15.7,0.57,1.7,0.42,0.45,17.87,171.332694151486,1.66362589272752,0.731286368899605,2.01413427561837,6.00706713780919,1.48409893992933
"T1","Control",8,15,15,9.2,30.93,415.815,16.2,0.62,1.86,0.46,0.45,21.73,236.195652173913,2.02087183773664,0.727503147103818,2.00452634982218,6.01357904946654,1.48722922728742
"T1","Control",9,15,15,10.61,30.18,415.815,16,0.6,1.81,0.45,0.45,19.57,184.44863336475,1.74230416785635,0.73681640625,1.98807157057654,5.9973492379059,1.49105367793241
"T1","Control",10,15,15,10.26,25.41,415.815,15.1,0.51,1.52,0.38,0.45,15.15,147.66081871345,1.51148326264908,0.738029672801036,2.00708382526564,5.9818968909878,1.49547422274695
"T1","Control",11,15,15,9.92,31.86,415.815,16.4,0.64,1.91,0.48,0.45,21.94,221.16935483871,1.9446639719752,0.722294366013262,2.00878844946642,5.99497802887633,1.50659133709981
"T1","Control",12,15,15,9.87,30.21,415.815,16,0.6,1.81,0.45,0.45,20.34,206.079027355623,1.86445523658865,0.737548828125,1.98609731876862,5.99139357828534,1.48957298907646
"T1","Control",13,15,15,9.34,28.14,415.815,15.6,0.56,1.69,0.42,0.45,18.8,201.284796573876,1.83814299907582,0.741225408385172,1.99004975124378,6.00568585643212,1.49253731343284
"T1","Control",14,15,15,10.01,23.7,415.815,14.7,0.47,1.42,0.36,0.45,13.69,136.763236763237,1.43648409135659,0.746098800480903,1.9831223628692,5.9915611814346,1.51898734177215
"T1","Control",15,15,15,10.81,30.33,415.815,16.1,0.61,1.82,0.45,0.45,19.52,180.573543015726,1.71944281674896,0.726766302101392,2.01121002307946,6.00065941312232,1.48367952522255
"T10","Diet_B",136,15,15,11.17,36.93,624.78,17.4,0.74,2.22,0.55,0.45,25.76,230.617726051925,1.99298769297227,0.701021863226136,2.00379095586244,6.01137286758733,1.48930408881668
"T10","Diet_B",137,15,15,9.96,38.94,624.78,17.8,0.78,2.34,0.58,0.45,28.98,290.963855421687,2.27240821391258,0.690455892386757,2.00308166409861,6.00924499229584,1.4894709809964
"T10","Diet_B",138,15,15,8.27,36.56,624.78,17.3,0.73,2.19,0.55,0.45,28.29,342.079806529625,2.47720039591725,0.706102708973859,1.99671772428884,5.99015317286652,1.50437636761488
"T10","Diet_B",139,15,15,9.94,36.74,624.78,17.3,0.73,2.2,0.55,0.45,26.8,269.617706237425,2.1788317651975,0.709579144630732,1.98693522046815,5.98802395209581,1.49700598802395
"T10","Diet_B",140,15,15,8.18,39.02,624.78,17.8,0.78,2.34,0.59,0.45,30.84,377.017114914425,2.60397030763385,0.69187439447692,1.99897488467453,5.99692465402358,1.51204510507432
"T10","Diet_B",141,15,15,10.65,33.11,624.78,16.6,0.66,1.99,0.5,0.45,22.46,210.892018779343,1.8904590990062,0.723827229370377,1.99335548172757,6.01026880096648,1.51011778918756
"T10","Diet_B",142,15,15,9.94,41.67,624.78,18.3,0.83,2.5,0.63,0.45,31.73,319.215291750503,2.38869070794313,0.679939436927907,1.99184065274778,5.99952003839693,1.51187904967603
"T10","Diet_B",143,15,15,8.51,36.97,624.78,17.4,0.74,2.22,0.55,0.45,28.46,334.430082256169,2.44810805060543,0.701781161209592,2.00162293751691,6.00486881255072,1.48769272383013
"T10","Diet_B",144,15,15,8.69,36.11,624.78,17.2,0.72,2.17,0.54,0.45,27.42,315.535097813579,2.37399482668678,0.709646634887494,1.9939075048463,6.00941567432844,1.49543062863473
"T10","Diet_B",145,15,15,11.74,43.83,624.78,18.8,0.88,2.63,0.66,0.45,32.09,273.339011925043,2.19552783338461,0.659626238887337,2.00775724389687,6.00045630846452,1.50581793292266
"T10","Diet_B",146,15,15,9.79,39.59,624.78,17.9,0.79,2.38,0.59,0.45,29.8,304.392236976507,2.32869184095937,0.690281777589782,1.99545339732256,6.01161909573124,1.49027532205102
"T10","Diet_B",147,15,15,9.56,38.69,624.78,17.7,0.77,2.32,0.58,0.45,29.13,304.707112970711,2.32998906941519,0.6977163989322,1.9901783406565,5.99638149392608,1.49909537348152
"T10","Diet_B",148,15,15,8.3,38.52,624.78,17.7,0.77,2.31,0.58,0.45,30.22,364.096385542169,2.55820345354562,0.69465070268463,1.99896157840083,5.99688473520249,1.50571131879543
"T10","Diet_B",149,15,15,11.12,31.55,624.78,16.3,0.63,1.89,0.47,0.45,20.43,183.723021582734,1.73804716694131,0.728511732502499,1.99683042789223,5.9904912836767,1.48969889064976
"T10","Diet_B",150,15,15,10.92,38.29,624.78,17.7,0.77,2.3,0.57,0.45,27.37,250.641025641026,2.09098799195407,0.690502995996742,2.0109689213894,6.00679028466963,1.48863933141812
"T11","Diet_B",151,15,15,9.43,40.13,647.595,18,0.8,2.41,0.6,0.45,30.7,325.556733828208,2.4137134793891,0.688100137174211,1.99352105656616,6.00548218290556,1.49514079242462
"T11","Diet_B",152,15,15,9.09,41.31,647.595,18.3,0.83,2.48,0.62,0.45,32.22,354.455445544554,2.52321615536548,0.674065230129394,2.00919874122488,6.00338900992496,1.50084725248124
"T11","Diet_B",153,15,15,8.99,38.78,647.595,17.8,0.78,2.33,0.58,0.45,29.79,331.368186874305,2.43631966888496,0.687618888206432,2.01134605466735,6.00825167612171,1.49561629706034
"T11","Diet_B",154,15,15,10.48,33.8,647.595,16.8,0.68,2.03,0.51,0.45,23.32,222.519083969466,1.9516535393268,0.712834737069431,2.01183431952663,6.00591715976331,1.50887573964497
"T11","Diet_B",155,15,15,10.76,40.87,647.595,18.2,0.82,2.45,0.61,0.45,30.11,279.832713754647,2.22426790473758,0.677938774183189,2.0063616344507,5.99461707854172,1.49253731343284
"T11","Diet_B",156,15,15,9.59,35,647.595,17,0.7,2.1,0.52,0.45,25.41,264.963503649635,2.15771195432344,0.712395684917566,2,6,1.48571428571429
"T11","Diet_B",157,15,15,10.22,34.81,647.595,17,0.7,2.09,0.52,0.45,24.59,240.606653620352,2.04259686174632,0.708528394056585,2.01091640333238,6.00402183280666,1.49382361390405
"T11","Diet_B",158,15,15,11.69,44.11,647.595,18.8,0.88,2.65,0.66,0.45,32.42,277.331052181352,2.21325456438812,0.663840141394489,1.99501246882793,6.00770800272047,1.49625935162095
"T11","Diet_B",159,15,15,10.33,40.35,647.595,18.1,0.81,2.42,0.61,0.45,30.02,290.609874152953,2.27089851930735,0.680468168845823,2.00743494423792,5.99752168525403,1.51177199504337
"T11","Diet_B",160,15,15,11,39.51,647.595,17.9,0.79,2.37,0.59,0.45,28.51,259.181818181818,2.13109755270821,0.68888691671059,1.99949379903822,5.99848139711465,1.49329283725639
"T11","Diet_B",161,15,15,10.17,39.93,647.595,18,0.8,2.4,0.6,0.45,29.76,292.625368731563,2.27947618502444,0.684670781893004,2.00350613573754,6.01051840721262,1.50262960180316
"T11","Diet_B",162,15,15,8.81,40.39,647.595,18.1,0.81,2.42,0.61,0.45,31.58,358.456299659478,2.53782464937872,0.681142734564629,2.00544689279525,5.99158207477098,1.51027482050012
"T11","Diet_B",163,15,15,10.43,31.87,647.595,16.4,0.64,1.91,0.48,0.45,21.44,205.560882070949,1.86163143236094,0.722521074853818,2.00815814245372,5.99309695638532,1.50611860684029
"T11","Diet_B",164,15,15,8.45,36.65,647.595,17.3,0.73,2.2,0.55,0.45,28.2,333.727810650888,2.4454116449393,0.707840926802295,1.99181446111869,6.00272851296044,1.50068212824011
"T11","Diet_B",165,15,15,9.4,44.22,647.595,18.8,0.88,2.65,0.66,0.45,34.82,370.425531914894,2.5807791435889,0.665495603093727,1.99004975124378,5.99276345545002,1.49253731343284
"T12","Diet_B",166,15,15,10.5,38.23,644.895,17.6,0.76,2.29,0.57,0.45,27.73,264.095238095238,2.15374215090807,0.701239375939143,1.98796756473973,5.9900601621763,1.4909756735548
"T12","Diet_B",167,15,15,11.49,39.86,644.895,18,0.8,2.39,0.6,0.45,28.37,246.910356832028,2.07316037153997,0.683470507544582,2.00702458605118,5.9959859508279,1.50526843953838
"T12","Diet_B",168,15,15,9.47,43.13,644.895,18.6,0.86,2.59,0.65,0.45,33.66,355.438225976769,2.52681650576961,0.670255868973602,1.99397171342453,6.00510085787155,1.50707164386738
"T12","Diet_B",169,15,15,9.29,34.79,644.895,17,0.7,2.09,0.52,0.45,25.5,274.48869752422,2.20065239389684,0.70812131080806,2.01207243460765,6.00747341189997,1.49468237999425
"T12","Diet_B",170,15,15,10.54,34.18,644.895,16.8,0.68,2.05,0.51,0.45,23.64,224.288425047438,1.96077189095705,0.720848855415182,1.98946752486834,5.99765944997074,1.49210064365126
"T12","Diet_B",171,15,15,10.43,37.09,644.895,17.4,0.74,2.23,0.56,0.45,26.66,255.608820709492,2.11443520414803,0.704059055159962,1.99514693987598,6.01240226476139,1.50984092747371
"T12","Diet_B",172,15,15,9.81,39.55,644.895,17.9,0.79,2.37,0.59,0.45,29.74,303.16004077472,2.32360570106065,0.689584347150186,1.99747155499368,5.99241466498104,1.49178255372946
"T12","Diet_B",173,15,15,8.01,39.49,644.895,17.9,0.79,2.37,0.59,0.45,31.48,393.008739076155,2.65892785703048,0.688538201490793,2.00050645733097,6.00151937199291,1.4940491263611
"T12","Diet_B",174,15,15,10.41,31.46,644.895,16.3,0.63,1.89,0.47,0.45,21.05,202.209414024976,1.84325002500542,0.726433569081731,2.00254291163382,6.00762873490146,1.49396058486968
"T12","Diet_B",175,15,15,8.93,38.2,644.895,17.6,0.76,2.29,0.57,0.45,29.27,327.771556550952,2.42236520120687,0.700689096543952,1.98952879581152,5.99476439790576,1.49214659685864
"T12","Diet_B",176,15,15,11.17,42.49,644.895,18.5,0.85,2.55,0.64,0.45,31.32,280.393912264996,2.22672856840935,0.671075750695911,2.000470698988,6.00141209696399,1.50623676159096
"T12","Diet_B",177,15,15,9.85,39.77,644.895,18,0.8,2.39,0.6,0.45,29.92,303.756345177665,2.326069006726,0.681927297668039,2.01156650741765,6.00955494091023,1.50867488056324
"T12","Diet_B",178,15,15,9.26,40.46,644.895,18.1,0.81,2.43,0.61,0.45,31.2,336.933045356372,2.45768297180252,0.68232322457254,2.00197726149283,6.0059317844785,1.50766188828473
"T12","Diet_B",179,15,15,10.15,39.66,644.895,17.9,0.79,2.38,0.59,0.45,29.51,290.738916256158,2.27144902933976,0.691502280859074,1.99193141704488,6.00100857286939,1.48764498234997
"T12","Diet_B",180,15,15,8.96,41.57,644.895,18.3,0.83,2.49,0.62,0.45,32.61,363.950892857143,2.55768087712951,0.678307712817209,1.99663218667308,5.98989656001925,1.49146018763531
"T13","Diet_C",181,15,15,10.02,45.97,772.8,19.2,0.92,2.76,0.69,0.45,35.95,358.782435129741,2.5390098569357,0.649487530743634,2.00130519904285,6.00391559712856,1.50097889928214
"T13","Diet_C",182,15,15,11.31,49.77,772.8,20,1,2.99,0.75,0.45,38.46,340.053050397878,2.46954183790406,0.622125,2.00924251557163,6.00763512155917,1.50693188667872
"T13","Diet_C",183,15,15,9.71,44.76,772.8,19,0.9,2.69,0.67,0.45,35.05,360.96807415036,2.54693100190082,0.652573261408368,2.01072386058981,6.00983020554066,1.49687220732797
"T13","Diet_C",184,15,15,9.14,38.93,772.8,17.8,0.78,2.34,0.58,0.45,29.79,325.929978118162,2.41517462692718,0.690278579625487,2.00359619830465,6.01078859491395,1.48985358335474
"T13","Diet_C",185,15,15,10.81,46.95,772.8,19.4,0.94,2.82,0.7,0.45,36.14,334.32007400555,2.44768595667193,0.6430287737229,2.00212992545261,6.00638977635783,1.49094781682641
"T13","Diet_C",186,15,15,9.74,37.14,772.8,17.4,0.74,2.23,0.56,0.45,27.4,281.314168377823,2.23075573045019,0.705008177639282,1.99246095853527,6.00430802369413,1.50780829294561
"T13","Diet_C",187,15,15,10.92,44.83,772.8,19,0.9,2.69,0.67,0.45,33.91,310.531135531135,2.35380264641765,0.653593818340866,2.00758420700424,6.00044612982378,1.49453490965871
"T13","Diet_C",188,15,15,11.14,47.89,772.8,19.6,0.96,2.87,0.72,0.45,36.75,329.892280071813,2.43060746642563,0.636028568028627,2.0045938609313,5.99290039674254,1.50344539569848
"T13","Diet_C",189,15,15,8.03,45.2,772.8,19,0.9,2.71,0.68,0.45,37.17,462.889165628892,2.87985426479919,0.658988190698353,1.99115044247788,5.99557522123894,1.50442477876106
"T13","Diet_C",190,15,15,9.59,48.52,772.8,19.7,0.97,2.91,0.73,0.45,38.93,405.943691345151,2.7020919919675,0.634632214804955,1.99917559769167,5.99752679307502,1.5045342126958
"T13","Diet_C",191,15,15,10.85,43.78,772.8,18.8,0.88,2.63,0.66,0.45,32.93,303.502304147465,2.32502002018041,0.658873756296774,2.01005025125628,6.00730927364093,1.50753768844221
"T13","Diet_C",192,15,15,9.73,42.67,772.8,18.5,0.85,2.56,0.64,0.45,32.94,338.540596094553,2.46380366833666,0.673918622786409,1.99203187250996,5.99953128661823,1.49988282165456
"T13","Diet_C",193,15,15,8.72,45.61,772.8,19.1,0.91,2.74,0.68,0.45,36.89,423.050458715596,2.75751292133787,0.654575838157738,1.99517649638237,6.00745450559088,1.49090111817584
"T13","Diet_C",194,15,15,8.89,40.34,772.8,18.1,0.81,2.42,0.61,0.45,31.45,353.768278965129,2.52069413833375,0.680299527416121,2.00793257312841,5.99900842835895,1.51214675260288
"T13","Diet_C",195,15,15,9.7,42.84,772.8,18.6,0.86,2.57,0.64,0.45,33.14,341.649484536083,2.47557726678369,0.665749163617647,2.00746965452848,5.99906629318394,1.49393090569561
"T14","Diet_C",196,15,15,10.49,47.17,756.18,19.4,0.94,2.83,0.71,0.45,36.68,349.666348903718,2.50555945814661,0.646041901097107,1.99279202883188,5.99957600169599,1.50519397922408
"T14","Diet_C",197,15,15,11.26,42.81,756.18,18.6,0.86,2.57,0.64,0.45,31.55,280.195381882771,2.22585849574218,0.665282952718755,2.00887643074048,6.00327026395702,1.49497780892315
"T14","Diet_C",198,15,15,10.3,46.12,756.18,19.2,0.92,2.77,0.69,0.45,35.82,347.766990291262,2.49850466694211,0.651606807002315,1.99479618386817,6.00607111882047,1.49609713790113
"T14","Diet_C",199,15,15,10.64,43.91,756.18,18.8,0.88,2.63,0.66,0.45,33.27,312.687969924812,2.36253600110021,0.660830211032237,2.00409929401048,5.98952402641767,1.50307447050786
"T14","Diet_C",200,15,15,10,44.51,756.18,18.9,0.89,2.67,0.67,0.45,34.51,345.1,2.48854798338953,0.65928346211653,1.99955066277241,5.99865198831723,1.50527971242417
"T14","Diet_C",201,15,15,9.75,46.77,756.18,19.4,0.94,2.81,0.7,0.45,37.02,379.692307692308,2.61329114454673,0.640563487689457,2.00983536454993,6.00812486636733,1.49668590977122
"T14","Diet_C",202,15,15,11.15,46.52,756.18,19.3,0.93,2.79,0.7,0.45,35.37,317.219730941704,2.38073804957389,0.647094605036516,1.99914015477214,5.99742046431642,1.50472914875322
"T14","Diet_C",203,15,15,10.92,39.12,756.18,17.8,0.78,2.35,0.59,0.45,28.2,258.241758241758,2.12672979141643,0.693647522089624,1.99386503067485,6.00715746421268,1.5081799591002
"T14","Diet_C",204,15,15,8.88,39.47,756.18,17.9,0.79,2.37,0.59,0.45,30.59,344.481981981982,2.4862322211178,0.688189486270995,2.00152014187991,6.00456042563973,1.49480618191031
"T14","Diet_C",205,15,15,9.97,38.19,756.18,17.6,0.76,2.29,0.57,0.45,28.22,283.049147442327,2.23832186210613,0.700505670078888,1.99004975124378,5.99633411887929,1.49253731343284
"T14","Diet_C",206,15,15,9.66,44.88,756.18,19,0.9,2.69,0.67,0.45,35.22,364.596273291925,2.55999768831669,0.654322787578364,2.00534759358289,5.99376114081996,1.49286987522282
"T14","Diet_C",207,15,15,11.77,44.04,756.18,18.8,0.88,2.64,0.66,0.45,32.27,274.171622769754,2.19924065097049,0.662786665767701,1.99818346957312,5.99455040871935,1.49863760217984
"T14","Diet_C",208,15,15,10.39,44.54,756.18,18.9,0.89,2.67,0.67,0.45,34.15,328.681424446583,2.42590642786348,0.659727823021124,1.99820386169735,5.99461158509205,1.50426582846879
"T14","Diet_C",209,15,15,10.89,40.72,756.18,18.1,0.81,2.44,0.61,0.45,29.83,273.921028466483,2.198124058829,0.686707901744781,1.98919449901768,5.99214145383104,1.49803536345776
"T14","Diet_C",210,15,15,10.76,45.35,756.18,19.1,0.91,2.72,0.68,0.45,34.59,321.468401486989,2.39762436971251,0.650844425793761,2.00661521499449,5.99779492833517,1.49944873208379
"T15","Diet_C",211,15,15,9.13,40.35,749.415,18.1,0.81,2.42,0.61,0.45,31.22,341.949616648412,2.4767095001818,0.680468168845823,2.00743494423792,5.99752168525403,1.51177199504337
"T15","Diet_C",212,15,15,9,42.22,749.415,18.4,0.84,2.53,0.63,0.45,33.22,369.111111111111,2.57611577513993,0.677742561847621,1.9895783988631,5.99242065371862,1.49218379914732
"T15","Diet_C",213,15,15,8.61,41.93,749.415,18.4,0.84,2.52,0.63,0.45,33.32,386.991869918699,2.63846207123839,0.673087295553547,2.00333889816361,6.01001669449082,1.5025041736227
"T15","Diet_C",214,15,15,10.3,43.21,749.415,18.6,0.86,2.59,0.65,0.45,32.91,319.514563106796,2.38988009118042,0.671499098037314,1.99028002777135,5.99398287433464,1.50428141633881
"T15","Diet_C",215,15,15,12.21,42.54,749.415,18.5,0.85,2.55,0.64,0.45,30.33,248.402948402948,2.0803158694158,0.671865437387716,1.99811941701928,5.99435825105783,1.50446638457922
"T15","Diet_C",216,15,15,7.9,43.95,749.415,18.8,0.88,2.64,0.66,0.45,36.05,456.329113924051,2.86031644109702,0.661432197104688,2.00227531285552,6.00682593856655,1.50170648464164
"T15","Diet_C",217,15,15,8.96,45.9,749.415,19.2,0.92,2.75,0.69,0.45,36.94,412.276785714286,2.72282481679943,0.64849853515625,2.00435729847495,5.99128540305011,1.50326797385621
"T15","Diet_C",218,15,15,7.82,37.17,749.415,17.4,0.74,2.23,0.56,0.45,29.35,375.319693094629,2.59802904958657,0.705577651126874,1.99085283831047,5.99946193166532,1.50659133709981
"T15","Diet_C",219,15,15,10.77,40.42,749.415,18.1,0.81,2.43,0.61,0.45,29.65,275.301764159703,2.20426703467863,0.681648658853734,2.00395843641761,6.01187530925285,1.50915388421573
"T15","Diet_C",220,15,15,9.34,44.97,749.415,19,0.9,2.7,0.67,0.45,35.63,381.477516059957,2.61948224756977,0.655634932205861,2.00133422281521,6.00400266844563,1.48988214365132
"T15","Diet_C",221,15,15,10.43,49.37,749.415,19.9,0.99,2.96,0.74,0.45,38.94,373.346116970278,2.59109447209682,0.626475220982567,2.00526635608669,5.99554385254203,1.49888596313551
"T15","Diet_C",222,15,15,10.38,41.72,749.415,18.3,0.83,2.5,0.63,0.45,31.34,301.926782273603,2.31849958732472,0.680755298983256,1.98945349952061,5.99232981783317,1.51006711409396
"T15","Diet_C",223,15,15,9.29,45.56,749.415,19.1,0.91,2.73,0.68,0.45,36.27,390.419806243272,2.65015264292206,0.653858258856973,1.99736611062335,5.99209833187006,1.49253731343284
"T15","Diet_C",224,15,15,9.26,47.14,749.415,19.4,0.94,2.83,0.71,0.45,37.88,409.071274298056,2.7123630814165,0.645631020091534,1.99406024607552,6.0033941450997,1.50615188799321
"T15","Diet_C",225,15,15,8.46,43.16,749.415,18.6,0.86,2.59,0.65,0.45,34.7,410.16548463357,2.71594161128634,0.670722079872494,1.99258572752549,6.00092678405931,1.50602409638554
"T16","Diet_C",226,15,15,9.02,45.73,789.12,19.1,0.91,2.74,0.69,0.45,36.71,406.984478935698,2.70551700599239,0.656298028479574,1.98994095779576,5.99169035643997,1.50885633063634
"T16","Diet_C",227,15,15,9.15,44.45,789.12,18.9,0.89,2.67,0.67,0.45,35.3,385.792349726776,2.63435180445414,0.658394740307341,2.00224971878515,6.00674915635545,1.50731158605174
"T16","Diet_C",228,15,15,9.67,47.79,789.12,19.6,0.96,2.87,0.72,0.45,38.12,394.208893485005,2.66298017187477,0.634700464942328,2.00878844946642,6.00544046871731,1.50659133709981
"T16","Diet_C",229,15,15,10.13,45.74,789.12,19.1,0.91,2.74,0.69,0.45,35.61,351.530108588351,2.51245311722341,0.656441544339727,1.9895059029296,5.9903804110188,1.5085264538697
"T16","Diet_C",230,15,15,10.42,47.26,789.12,19.5,0.95,2.84,0.71,0.45,36.84,353.550863723608,2.51989539238923,0.637367453935501,2.01015658061786,6.0093101988997,1.50232754972493
"T16","Diet_C",231,15,15,10.71,40.68,789.12,18.1,0.81,2.44,0.61,0.45,29.97,279.831932773109,2.22426447786784,0.686033336025975,1.99115044247788,5.99803343166175,1.49950835791544
"T16","Diet_C",232,15,15,10.56,41.09,789.12,18.2,0.82,2.47,0.62,0.45,30.53,289.109848484848,2.26448584102867,0.681588065358142,1.99561937211,6.0111949379411,1.50888293988805
"T16","Diet_C",233,15,15,10.31,44.25,789.12,18.9,0.88,2.65,0.66,0.45,33.94,329.194956353055,2.42790178904178,0.655432334276712,1.98870056497175,5.98870056497175,1.49152542372881
"T16","Diet_C",234,15,15,9.89,43.31,789.12,18.7,0.87,2.6,0.65,0.45,33.42,337.917087967644,2.46143234931986,0.662313128985291,2.00877395520665,6.00323250981298,1.50080812745324
"T16","Diet_C",235,15,15,8.99,45.21,789.12,19,0.9,2.71,0.68,0.45,36.22,402.892102335929,2.69200908803831,0.659133984545852,1.9907100199071,5.99424905994249,1.50409201504092
"T16","Diet_C",236,15,15,9.12,44.37,789.12,18.9,0.89,2.66,0.67,0.45,35.25,386.513157894737,2.63682293550763,0.657209777895089,2.00585981519044,5.99504169483886,1.51002929907595
"T16","Diet_C",237,15,15,9.84,39.43,789.12,17.9,0.79,2.37,0.59,0.45,29.59,300.711382113821,2.31345206137562,0.687492055831399,2.0035505959929,6.0106517879787,1.49632259700735
"T16","Diet_C",238,15,15,9.41,47.25,789.12,19.4,0.95,2.84,0.71,0.45,37.84,402.125398512221,2.68946616723744,0.647137583778637,2.01058201058201,6.01058201058201,1.5026455026455
"T16","Diet_C",239,15,15,11.17,49.44,789.12,19.9,0.99,2.97,0.74,0.45,38.27,342.614145031334,2.47921366678054,0.627363478334579,2.00242718446602,6.00728155339806,1.49676375404531
"T16","Diet_C",240,15,15,10.69,50.08,789.12,20,1,3,0.75,0.45,39.39,368.475210477081,2.57385500292482,0.626,1.99680511182109,5.99041533546326,1.49760383386581
"T2","Control",16,15,15,11.32,35.69,452.88,17.1,0.71,2.14,0.54,0.45,24.37,215.282685512367,1.91383244121172,0.71376987891111,1.98935275987672,5.99607733258616,1.51302885962454
"T2","Control",17,15,15,10.35,28.52,452.88,15.7,0.57,1.71,0.43,0.45,18.17,175.555555555556,1.6893651263912,0.736971280601298,1.99859747545582,5.99579242636746,1.50771388499299
"T2","Control",18,15,15,8.74,32.18,452.88,16.4,0.64,1.93,0.48,0.45,23.44,268.192219679634,2.17239158649466,0.729549048911072,1.98881292728403,5.99751398384089,1.49160969546302
"T2","Control",19,15,15,13.48,32.77,452.88,16.6,0.66,1.97,0.49,0.45,19.29,143.100890207715,1.4805105953776,0.716394391617858,2.01403722917302,6.01159597192554,1.495270064083
"T2","Control",20,15,15,10.23,29.55,452.88,15.9,0.59,1.77,0.44,0.45,19.32,188.856304985337,1.76793193981429,0.735133327810504,1.99661590524535,5.98984771573604,1.48900169204738
"T2","Control",21,15,15,9.39,29.79,452.88,16,0.6,1.79,0.45,0.45,20.4,217.252396166134,1.9242124558417,0.727294921875,2.01409869083585,6.00872776099362,1.51057401812689
"T2","Control",22,15,15,10.46,28.75,452.88,15.8,0.58,1.72,0.43,0.45,18.29,174.856596558317,1.68513218101097,0.728897713973945,2.01739130434783,5.98260869565217,1.49565217391304
"T2","Control",23,15,15,9.66,32.59,452.88,16.5,0.65,1.96,0.49,0.45,22.93,237.370600414079,2.02668640770841,0.72549183292985,1.99447683338447,6.01411475912857,1.50352868978214
"T2","Control",24,15,15,8.69,30.09,452.88,16,0.6,1.81,0.45,0.45,21.4,246.260069044879,2.07003325227442,0.734619140625,1.99401794616152,6.01528747092057,1.49551345962114
"T2","Control",25,15,15,9.71,25.94,452.88,15.2,0.52,1.56,0.39,0.45,16.23,167.147270854789,1.63771649430844,0.7386508601837,2.00462606013878,6.01387818041635,1.50346954510409
"T2","Control",26,15,15,7.42,32.86,452.88,16.6,0.66,1.97,0.49,0.45,25.44,342.857142857143,2.48012842571639,0.718361907493524,2.00852099817407,5.99513085818625,1.49117468046257
"T2","Control",27,15,15,10.46,32.93,452.88,16.6,0.66,1.98,0.49,0.45,22.47,214.818355640535,1.91137606291916,0.719892197619043,2.00425144245369,6.01275432736107,1.48800485879138
"T2","Control",28,15,15,10.25,32.28,452.88,16.5,0.65,1.94,0.48,0.45,22.03,214.926829268293,1.91195022969555,0.718590867351198,2.01363073110285,6.00991325898389,1.48698884758364
"T2","Control",29,15,15,11.57,24.17,452.88,14.8,0.48,1.45,0.36,0.45,12.6,108.902333621435,1.22782775584968,0.74557528675498,1.9859329747621,5.99917252792718,1.48944973107158
"T2","Control",30,15,15,10.02,23.81,452.88,14.8,0.48,1.43,0.36,0.45,13.79,137.624750499002,1.44253760807009,0.734470317651472,2.01595968080638,6.00587988240235,1.51196976060479
"T3","Control",31,15,15,9.76,32.55,443.355,16.5,0.65,1.95,0.49,0.45,22.79,233.504098360656,2.00747494704929,0.72460138575841,1.99692780337942,5.99078341013825,1.50537634408602
"T3","Control",32,15,15,9.42,26.18,443.355,15.2,0.52,1.57,0.39,0.45,16.76,177.91932059448,1.70360111982247,0.745484946785246,1.98624904507257,5.99694423223835,1.48968678380443
"T3","Control",33,15,15,9.27,27.91,443.355,15.6,0.56,1.67,0.42,0.45,18.64,201.078748651564,1.83700277995078,0.735167062829785,2.00644930132569,5.98351845216768,1.50483697599427
"T3","Control",34,15,15,12.32,33.03,443.355,16.6,0.66,1.98,0.5,0.45,20.71,168.100649350649,1.64365380216221,0.722078326369784,1.99818346957312,5.99455040871935,1.51377535573721
"T3","Control",35,15,15,9.73,26.71,443.355,15.3,0.53,1.6,0.4,0.45,16.98,174.511819116136,1.68304021820659,0.745760875725972,1.98427555222763,5.99026581804568,1.49756645451142
"T3","Control",36,15,15,10.48,34.17,443.355,16.8,0.68,2.05,0.51,0.45,23.69,226.049618320611,1.96979897872384,0.720637957563978,1.99004975124378,5.99941469124963,1.49253731343284
"T3","Control",37,15,15,10.37,30.36,443.355,16.1,0.61,1.82,0.46,0.45,19.99,192.767598842816,1.79034821714332,0.727485160956092,2.00922266139657,5.99472990777339,1.51515151515152
"T3","Control",38,15,15,10.17,31.68,443.355,16.3,0.63,1.9,0.48,0.45,21.51,211.504424778761,1.89373892814293,0.731513524110275,1.98863636363636,5.99747474747475,1.51515151515152
"T3","Control",39,15,15,11.59,36.43,443.355,17.3,0.73,2.19,0.55,0.45,24.84,214.322691975841,1.90874992278135,0.703591949888339,2.00384298654955,6.01152895964864,1.50974471589349
"T3","Control",40,15,15,11.31,24.01,443.355,14.8,0.48,1.44,0.36,0.45,12.7,112.290008841733,1.25463853350855,0.740639744931199,1.99916701374427,5.99750104123282,1.4993752603082
"T3","Control",41,15,15,8.36,28.03,443.355,15.6,0.56,1.68,0.42,0.45,19.67,235.287081339713,2.01636156346681,0.738327938771726,1.99785943631823,5.99357830895469,1.49839457723867
"T3","Control",42,15,15,8.98,23.58,443.355,14.7,0.47,1.41,0.35,0.45,14.6,162.583518930958,1.60899835465853,0.74232108503543,1.99321458863444,5.97964376590331,1.48430873621713
"T3","Control",43,15,15,9.87,31.8,443.355,16.4,0.64,1.91,0.48,0.45,21.93,222.188449848024,1.9499440605679,0.720934112969922,2.0125786163522,6.0062893081761,1.50943396226415
"T3","Control",44,15,15,9.86,32.8,443.355,16.6,0.66,1.97,0.49,0.45,22.94,232.657200811359,2.00323724462592,0.71705023024308,2.01219512195122,6.00609756097561,1.49390243902439
"T3","Control",45,15,15,10.85,26.33,443.355,15.3,0.53,1.58,0.39,0.45,15.48,142.672811059908,1.47757315586958,0.735151024255516,2.01291302696544,6.0007595898215,1.48120015191796
"T4","Control",46,15,15,9.24,28.49,445.11,15.7,0.57,1.71,0.43,0.45,19.25,208.333333333333,1.87668543809371,0.736196065369249,2.000702000702,6.002106002106,1.50930150930151
"T4","Control",47,15,15,12.65,32,445.11,16.4,0.64,1.92,0.48,0.45,19.35,152.96442687747,1.54679781271033,0.725468289781054,2,6,1.5
"T4","Control",48,15,15,10.24,27.5,445.11,15.5,0.55,1.65,0.41,0.45,17.26,168.5546875,1.64647397510194,0.738478063844785,2,6,1.49090909090909
"T4","Control",49,15,15,9.26,30.91,445.11,16.2,0.62,1.85,0.46,0.45,21.65,233.801295896328,2.00895951247656,0.727032727998028,2.00582335813653,5.98511808476221,1.48819152377871
"T4","Control",50,15,15,9.91,29.62,445.11,15.9,0.59,1.78,0.44,0.45,19.71,198.890010090817,1.82484243416293,0.736874760397534,1.99189736664416,6.00945307224848,1.48548278190412
"T4","Control",51,15,15,9.52,32.57,445.11,16.5,0.65,1.95,0.49,0.45,23.05,242.121848739496,2.04999461747478,0.72504660934413,1.99570156585815,5.98710469757445,1.50445194964691
"T4","Control",52,15,15,9.48,27.04,445.11,15.4,0.54,1.62,0.41,0.45,17.56,185.232067510549,1.74688822484639,0.740362690101263,1.99704142011834,5.99112426035503,1.51627218934911
"T4","Control",53,15,15,12.56,30.65,445.11,16.1,0.61,1.84,0.46,0.45,18.09,144.028662420382,1.48685916890361,0.734434129884855,1.99021207177814,6.00326264274062,1.50081566068516
"T4","Control",54,15,15,10.59,28.03,445.11,15.6,0.56,1.68,0.42,0.45,17.44,164.683663833805,1.62227534260564,0.738327938771726,1.99785943631823,5.99357830895469,1.49839457723867
"T4","Control",55,15,15,9.43,28.98,445.11,15.8,0.58,1.74,0.43,0.45,19.55,207.317073170732,1.87118306707862,0.734728895685737,2.00138026224983,6.00414078674948,1.48378191856453
"T4","Control",56,15,15,11.33,28.56,445.11,15.7,0.57,1.71,0.43,0.45,17.23,152.07413945278,1.54092177071911,0.738004900910697,1.99579831932773,5.98739495798319,1.50560224089636
"T4","Control",57,15,15,9.19,30.03,445.11,16,0.6,1.8,0.45,0.45,20.84,226.768226332971,1.97346824271274,0.733154296875,1.998001998002,5.99400599400599,1.4985014985015
"T4","Control",58,15,15,11.43,29.6,445.11,15.9,0.59,1.78,0.44,0.45,18.17,158.967629046369,1.58588813920549,0.736377208229811,1.99324324324324,6.01351351351351,1.48648648648649
"T4","Control",59,15,15,8.81,31.23,445.11,16.2,0.62,1.87,0.47,0.45,22.42,254.483541430193,2.10915288557816,0.734559433690664,1.98527057316683,5.98783221261608,1.50496317643292
"T4","Control",60,15,15,8.68,31.53,445.11,16.3,0.63,1.89,0.47,0.45,22.85,263.248847926267,2.14986324147452,0.728049918408995,1.99809705042816,5.99429115128449,1.4906438312718
"T5","Diet_A",61,15,15,10.86,33.43,504.99,16.7,0.67,2.01,0.5,0.45,22.57,207.826887661142,1.87394564321036,0.717772744517777,2.00418785521986,6.01256356565959,1.49566257852229
"T5","Diet_A",62,15,15,10.98,30.25,504.99,16,0.6,1.81,0.45,0.45,19.27,175.500910746812,1.68903458065911,0.738525390625,1.98347107438017,5.98347107438016,1.48760330578512
"T5","Diet_A",63,15,15,11.5,33.67,504.99,16.7,0.67,2.02,0.51,0.45,22.17,192.782608695652,1.7904336630063,0.722925764520298,1.98990198990199,5.999405999406,1.51470151470151
"T5","Diet_A",64,15,15,10.61,34.74,504.99,16.9,0.69,2.08,0.52,0.45,24.13,227.426955702168,1.97682468031178,0.719730157128654,1.98618307426598,5.98733448474381,1.49683362118595
"T5","Diet_A",65,15,15,10.74,29.01,504.99,15.8,0.58,1.74,0.44,0.45,18.27,170.111731843575,1.65610918175432,0.735489484604666,1.99931058255774,5.99793174767322,1.51671837297484
"T5","Diet_A",66,15,15,11.26,31.92,504.99,16.4,0.64,1.92,0.48,0.45,20.66,183.48134991119,1.73662691645011,0.723654619056601,2.00501253132832,6.01503759398496,1.50375939849624
"T5","Diet_A",67,15,15,11.57,35.36,504.99,17.1,0.71,2.12,0.53,0.45,23.79,205.61797752809,1.86194282760643,0.707170157419357,2.0079185520362,5.99547511312217,1.49886877828054
"T5","Diet_A",68,15,15,9.7,38.56,504.99,17.7,0.77,2.31,0.58,0.45,28.86,297.525773195876,2.30014930705501,0.695372042978176,1.99688796680498,5.99066390041494,1.50414937759336
"T5","Diet_A",69,15,15,8.83,30.57,504.99,16.1,0.61,1.83,0.46,0.45,21.74,246.206115515289,2.06977353547812,0.73251717293899,1.99542034674518,5.98626104023552,1.50474321229964
"T5","Diet_A",70,15,15,9.91,28.3,504.99,15.7,0.57,1.7,0.42,0.45,18.39,185.570131180626,1.74886242717883,0.731286368899605,2.01413427561837,6.00706713780919,1.48409893992933
"T5","Diet_A",71,15,15,9.87,29.34,504.99,15.9,0.59,1.76,0.44,0.45,19.47,197.26443768997,1.81575319878241,0.729909030049414,2.01090661213361,5.9986366734833,1.49965916837082
"T5","Diet_A",72,15,15,10.79,30.91,504.99,16.2,0.62,1.85,0.46,0.45,20.12,186.468952734013,1.75409996145664,0.727032727998028,2.00582335813653,5.98511808476221,1.48819152377871
"T5","Diet_A",73,15,15,9.33,31.88,504.99,16.4,0.64,1.91,0.48,0.45,22.55,241.693461950697,2.04790639843794,0.722747783694375,2.00752823086575,5.99121706398996,1.50564617314931
"T5","Diet_A",74,15,15,10.86,34.72,504.99,16.9,0.69,2.08,0.52,0.45,23.86,219.705340699816,1.93704929214393,0.719315804706588,1.98732718894009,5.99078341013825,1.49769585253456
"T5","Diet_A",75,15,15,9.4,34,504.99,16.8,0.68,2.04,0.51,0.45,24.6,261.702127659575,2.14275139223367,0.71705269409351,2,6,1.5
"T6","Diet_A",76,15,15,8.94,34.29,457.38,16.9,0.69,2.06,0.51,0.45,25.35,283.557046979866,2.24053029548234,0.710407227632169,2.01224846894138,6.00758238553514,1.48731408573928
"T6","Diet_A",77,15,15,9.93,34.44,457.38,16.9,0.69,2.07,0.52,0.45,24.51,246.827794561934,2.07276366917075,0.713514870797664,2.00348432055749,6.01045296167247,1.50987224157956
"T6","Diet_A",78,15,15,9.52,26.55,457.38,15.3,0.53,1.59,0.4,0.45,17.03,178.886554621849,1.70939149814112,0.741293569843675,1.99623352165725,5.98870056497175,1.50659133709981
"T6","Diet_A",79,15,15,9.46,34.25,457.38,16.9,0.69,2.05,0.51,0.45,24.79,262.050739957717,2.14435696940741,0.709578522788037,2.01459854014599,5.98540145985401,1.48905109489051
"T6","Diet_A",80,15,15,11.23,30.22,457.38,16,0.6,1.81,0.45,0.45,18.99,169.100623330365,1.64985864682374,0.73779296875,1.98544010589014,5.98941098610192,1.4890800794176
"T6","Diet_A",81,15,15,11.62,38.21,457.38,17.6,0.76,2.29,0.57,0.45,26.59,228.829604130809,1.98394918339174,0.700872523009016,1.98900811305941,5.99319549856059,1.49175608479456
"T6","Diet_A",82,15,15,8.66,29.68,457.38,15.9,0.59,1.78,0.45,0.45,21.02,242.725173210162,2.05293115954139,0.738367416900703,1.98787061994609,5.99730458221024,1.51617250673854
"T6","Diet_A",83,15,15,8.5,30.67,457.38,16.1,0.61,1.84,0.46,0.45,22.17,260.823529411765,2.13869802438315,0.734913369121322,1.98891424845125,5.99934789696772,1.49983697424193
"T6","Diet_A",84,15,15,11.7,32.31,457.38,16.5,0.65,1.94,0.48,0.45,20.61,176.153846153846,1.69297989672116,0.719258702729777,2.01176106468586,6.00433302383163,1.48560817084494
"T6","Diet_A",85,15,15,8.99,30.64,457.38,16.1,0.61,1.84,0.46,0.45,21.65,240.823136818687,2.04365582731477,0.734194510266622,1.99086161879896,6.00522193211488,1.50130548302872
"T6","Diet_A",86,15,15,10.74,27.28,457.38,15.5,0.55,1.64,0.41,0.45,16.54,154.003724394786,1.55363123982424,0.732570239334027,2.01612903225806,6.01173020527859,1.50293255131965
"T6","Diet_A",87,15,15,8.31,30.11,457.38,16,0.6,1.81,0.45,0.45,21.8,262.334536702768,2.14566288937714,0.735107421875,1.99269345732315,6.0112919295915,1.49452009299236
"T6","Diet_A",88,15,15,11.21,27.12,457.38,15.4,0.54,1.63,0.41,0.45,15.91,141.92685102587,1.47244204331354,0.742553112261326,1.99115044247788,6.01032448377581,1.5117994100295
"T6","Diet_A",89,15,15,9.81,26.17,457.38,15.2,0.52,1.57,0.39,0.45,16.36,166.768603465851,1.6353524049413,0.745200193176848,1.98700802445548,5.99923576614444,1.49025601834161
"T6","Diet_A",90,15,15,9.83,22.98,457.38,14.6,0.46,1.38,0.34,0.45,13.15,133.774160732452,1.41530889710256,0.738399607215109,2.00174064403829,6.00522193211488,1.47954743255004
"T7","Diet_A",91,15,15,9.38,29.84,476.505,16,0.6,1.79,0.45,0.45,20.46,218.123667377399,1.92878335386238,0.728515625,2.01072386058981,5.99865951742627,1.50804289544236
"T7","Diet_A",92,15,15,8.75,25.27,476.505,15.1,0.51,1.52,0.38,0.45,16.52,188.8,1.76760703505097,0.73396339361205,2.01820340324495,6.01503759398496,1.50375939849624
"T7","Diet_A",93,15,15,9.04,28.24,476.505,15.6,0.56,1.69,0.42,0.45,19.2,212.389380530973,1.89846706370159,0.743859471670123,1.98300283286119,5.98441926345609,1.48725212464589
"T7","Diet_A",94,15,15,9.51,33.03,476.505,16.6,0.66,1.98,0.5,0.45,23.52,247.318611987382,2.07512060474233,0.722078326369784,1.99818346957312,5.99455040871935,1.51377535573721
"T7","Diet_A",95,15,15,8.38,29.17,476.505,15.8,0.58,1.75,0.44,0.45,20.79,248.090692124105,2.07882144897606,0.739545958838956,1.98834418923552,5.99931436407268,1.5083990401097
"T7","Diet_A",96,15,15,8.92,29.14,476.505,15.8,0.58,1.75,0.44,0.45,20.22,226.681614349776,1.97302642362523,0.738785369920027,1.99039121482498,6.00549073438572,1.50995195607412
"T7","Diet_A",97,15,15,9.38,29.77,476.505,16,0.6,1.79,0.45,0.45,20.39,217.377398720682,1.92486902001592,0.726806640625,2.01545179711119,6.01276452804837,1.51158884783339
"T7","Diet_A",98,15,15,10.17,30.65,476.505,16.1,0.61,1.84,0.46,0.45,20.48,201.376597836775,1.83865075386959,0.734434129884855,1.99021207177814,6.00326264274062,1.50081566068516
"T7","Diet_A",99,15,15,9.59,32.07,476.505,16.4,0.64,1.92,0.48,0.45,22.48,234.410844629823,2.01200020801619,0.72705525166495,1.99563454942314,5.98690364826941,1.49672591206735
"T7","Diet_A",100,15,15,10.01,31.1,476.505,16.2,0.62,1.87,0.47,0.45,21.09,210.689310689311,1.88937204309677,0.731501709503031,1.9935691318328,6.01286173633441,1.5112540192926
"T7","Diet_A",101,15,15,11.38,34.06,476.505,16.8,0.68,2.04,0.51,0.45,22.68,199.297012302285,1.82711041089393,0.718318081200734,1.99647680563711,5.98943041691133,1.49735760422783
"T7","Diet_A",102,15,15,10.44,36.83,476.505,17.4,0.74,2.21,0.55,0.45,26.39,252.777777777778,2.10111358000414,0.699123618267495,2.00923160467011,6.00054303556883,1.49334781428184
"T7","Diet_A",103,15,15,8.78,34.38,476.505,16.9,0.69,2.06,0.52,0.45,25.6,291.571753986333,2.27499765384613,0.712271813531466,2.00698080279232,5.99185573007562,1.51250727166958
"T7","Diet_A",104,15,15,11.67,32.07,476.505,16.4,0.64,1.92,0.48,0.45,20.4,174.807197943445,1.68483261234433,0.72705525166495,1.99563454942314,5.98690364826941,1.49672591206735
"T7","Diet_A",105,15,15,9.38,32.05,476.505,16.4,0.64,1.92,0.48,0.45,22.67,241.684434968017,2.04786236724758,0.726601833983837,1.99687987519501,5.99063962558502,1.49765990639626
"T8","Diet_A",106,15,15,9.1,29.95,500.445,16,0.6,1.8,0.45,0.45,20.85,229.120879120879,1.98542485173109,0.731201171875,2.00333889816361,6.01001669449082,1.5025041736227
"T8","Diet_A",107,15,15,11.55,34.21,500.445,16.8,0.68,2.05,0.51,0.45,22.66,196.190476190476,1.80972093670285,0.721481548968794,1.98772288804443,5.99239988307512,1.49079216603332
"T8","Diet_A",108,15,15,10.72,38.24,500.445,17.6,0.76,2.29,0.57,0.45,27.52,256.716417910448,2.11961822090091,0.701422802404207,1.98744769874477,5.98849372384937,1.49058577405858
"T8","Diet_A",109,15,15,9.09,27.22,500.445,15.4,0.54,1.63,0.41,0.45,18.13,199.449944994499,1.82796181505655,0.745291139961405,1.98383541513593,5.98824393828068,1.50624540778839
"T8","Diet_A",110,15,15,11.15,35.55,500.445,17.1,0.71,2.13,0.53,0.45,24.4,218.834080717489,1.93250109723854,0.710969997066124,1.9971870604782,5.9915611814346,1.49085794655415
"T8","Diet_A",111,15,15,10.47,29.73,500.445,15.9,0.59,1.78,0.45,0.45,19.26,183.954154727794,1.73940435354593,0.73961129732001,1.98452741338715,5.98721829801547,1.51362260343088
"T8","Diet_A",112,15,15,9.72,31.52,500.445,16.3,0.63,1.89,0.47,0.45,21.8,224.279835390946,1.96072774419555,0.727819011362243,1.99873096446701,5.99619289340102,1.49111675126904
"T8","Diet_A",113,15,15,10.56,34.15,500.445,16.8,0.68,2.05,0.51,0.45,23.59,223.390151515151,1.95614884623114,0.72021616186157,1.99121522693997,6.00292825768668,1.49341142020498
"T8","Diet_A",114,15,15,10.62,29.43,500.445,15.9,0.59,1.77,0.44,0.45,18.81,177.118644067797,1.69879257738598,0.732148014804167,2.00475705062861,6.01427115188583,1.49507305470608
"T8","Diet_A",115,15,15,9.58,29.68,500.445,15.9,0.59,1.78,0.45,0.45,20.1,209.812108559499,1.88465971052735,0.738367416900703,1.98787061994609,5.99730458221024,1.51617250673854
"T8","Diet_A",116,15,15,10.11,32.83,500.445,16.6,0.66,1.97,0.49,0.45,22.72,224.727992087043,1.96302949746854,0.717706068868302,2.01035638135851,6.00060919890344,1.49253731343284
"T8","Diet_A",117,15,15,9.67,28.93,500.445,15.8,0.58,1.74,0.43,0.45,19.26,199.172699069286,1.8264180158714,0.733461247487521,2.00483926719668,6.01451780159004,1.48634635326651
"T8","Diet_A",118,15,15,9.8,35.8,500.445,17.2,0.72,2.15,0.54,0.45,26,265.30612244898,2.15927584621688,0.703554404014741,2.01117318435754,6.00558659217877,1.50837988826816
"T8","Diet_A",119,15,15,10.4,32.62,500.445,16.5,0.65,1.96,0.49,0.45,22.22,213.653846153846,1.90519965174257,0.726159668308429,1.99264255058246,6.00858369098713,1.50214592274678
"T8","Diet_A",120,15,15,9.16,33.77,500.445,16.8,0.68,2.03,0.51,0.45,24.61,268.668122270742,2.17454442618573,0.712202043515819,2.0136215575955,6.01125259105715,1.51021616819662
"T9","Diet_B",121,15,15,9.02,38.16,610.245,17.6,0.76,2.29,0.57,0.45,29.14,323.059866962306,2.40390585417592,0.699955390683696,1.9916142557652,6.00104821802935,1.4937106918239
"T9","Diet_B",122,15,15,9.25,36.86,610.245,17.4,0.74,2.21,0.55,0.45,27.61,298.486486486487,2.3041723345289,0.699693091755087,2.00759631036354,5.99565925122084,1.49213239283776
"T9","Diet_B",123,15,15,7.23,42.76,610.245,18.6,0.86,2.57,0.64,0.45,35.53,491.424619640387,2.96227341664362,0.664505934553935,2.01122544434051,6.01028999064546,1.49672591206735
"T9","Diet_B",124,15,15,9.81,40.79,610.245,18.2,0.82,2.45,0.61,0.45,30.98,315.800203873598,2.37505779958699,0.676611759210479,2.01029664133366,6.00637411130179,1.49546457465065
"T9","Diet_B",125,15,15,10.06,31.4,610.245,16.3,0.63,1.88,0.47,0.45,21.34,212.127236580517,1.89706788040436,0.725048126801219,2.00636942675159,5.98726114649682,1.4968152866242
"T9","Diet_B",126,15,15,7.12,38.79,610.245,17.8,0.78,2.33,0.58,0.45,31.67,444.803370786517,2.82542459337999,0.687796200967702,2.0108275328693,6.0067027584429,1.49523072956948
"T9","Diet_B",127,15,15,9.07,34.26,610.245,16.9,0.69,2.06,0.51,0.45,25.19,277.728776185226,2.21501038128155,0.70978569899907,2.01401050788091,6.0128429655575,1.48861646234676
"T9","Diet_B",128,15,15,9.88,38.41,610.245,17.7,0.77,2.3,0.58,0.45,28.53,288.765182186235,2.26300888433006,0.692667016877379,2.00468627961468,5.98802395209581,1.51002343139807
"T9","Diet_B",129,15,15,9.65,35.21,610.245,17,0.7,2.11,0.53,0.45,25.56,264.870466321244,2.15728702969344,0.716670059027071,1.98807157057654,5.99261573416643,1.50525418915081
"T9","Diet_B",130,15,15,9.59,36.67,610.245,17.3,0.73,2.2,0.55,0.45,27.08,282.37747653806,2.23539682197981,0.708227197430837,1.99072811562585,5.99945459503681,1.4998636487592
"T9","Diet_B",131,15,15,9.55,35.06,610.245,17,0.7,2.1,0.53,0.45,25.51,267.120418848168,2.16753287500075,0.713616934663139,1.99657729606389,5.98973188819167,1.51169423844837
"T9","Diet_B",132,15,15,7.77,43.16,610.245,18.6,0.86,2.59,0.65,0.45,35.39,455.469755469756,2.8577399600173,0.670722079872494,1.99258572752549,6.00092678405931,1.50602409638554
"T9","Diet_B",133,15,15,9.96,30.56,610.245,16.1,0.61,1.83,0.46,0.45,20.6,206.827309236948,1.86852482116969,0.732277553320756,1.99607329842932,5.98821989528796,1.50523560209424
"T9","Diet_B",134,15,15,8.14,37.14,610.245,17.4,0.74,2.23,0.56,0.45,29,356.265356265356,2.52984062651685,0.705008177639282,1.99246095853527,6.00430802369413,1.50780829294561
"T9","Diet_B",135,15,15,10.7,37.6,610.245,17.5,0.75,2.26,0.56,0.45,26.9,251.401869158879,2.09460051487998,0.701574344023324,1.99468085106383,6.01063829787234,1.48936170212766
